{
    "batiment": {
        "label": "Bâtiment",
        "type": "fieldset",
        "source": "batiment.json"
    },
    "chauffage": {
        "label": "Moyens de chauffage",
        "type": "fieldset",
        "source": "chauffage.json"
    },
    "documents": {
        "label": "Documents de contrôle",
        "type": "fieldset",
        "source": "documents.json"
    },
    "detecteurs": {
        "label": "Détecteurs d'incendie",
        "type": "fieldset",
        "source": "pieces.json"
    },
    "organismes": {
        "label": "Organismes",
        "type": "liste",
        "source": "organismes.json"
    },
    "compartimentage": {
        "label": "Compartimentage",
        "type": "fieldset",
        "source": "compartimentage.json"
    },
    "cuisine": {
        "label": "Cuisine",
        "type": "fieldset",
        "source": "cuisine.json"
    },
    "Evacuation": {
        "label": "Evacuation",
        "type": "fieldset",
        "source": "Evacuation.json"
    }
}